{
  "project_info": {
    "project_number": "861903547897",
    "project_id": "m1signaling-44aab",
    "storage_bucket": "m1signaling-44aab.appspot.com"
  },
  "client": [
    {
      "client_info": {
        "mobilesdk_app_id": "1:861903547897:android:bfafedfaf130a26f246128",
        "android_client_info": {
          "package_name": "com.example.helloo"
        }
      },
      "oauth_client": [],
      "api_key": [
        {
          "current_key": "AIzaSyAgKENhLQgTITFlwzT5TUKPZoqXDNFMQEg"
        }
      ],
      "services": {
        "appinvite_service": {
          "other_platform_oauth_client": []
        }
      }
    }
  ],
  "configuration_version": "1"
}